{
  "card": {
    "aspect": 0.7086873115922171,
    "px": {
      "w": 2586,
      "h": 3649
    }
  },
  "file": {
    "card": {
      "src": "ui/booking/card.webp",
      "px": {
        "w": 1024,
        "h": 1445
      }
    },
    "riga": {
      "src": "ui/booking/riga.webp",
      "px": {
        "w": 768,
        "h": 231
      }
    },
    "azione": {
      "src": "ui/booking/azione.webp",
      "px": {
        "w": 512,
        "h": 197
      }
    },
    "bottoncino": {
      "src": "ui/booking/bottoncino.webp",
      "px": {
        "w": 192,
        "h": 195
      }
    }
  },
  "righe": [
    {
      "nome": "alto",
      "x": 0.12954369682907965,
      "y": 0.21512743217319813,
      "w": 0.7412993039443155,
      "h": 0.15785146615511098
    },
    {
      "nome": "mezzo",
      "x": 0.12954369682907965,
      "y": 0.4031241436009866,
      "w": 0.7412993039443155,
      "h": 0.1559331323650315
    },
    {
      "nome": "basso",
      "x": 0.12954369682907965,
      "y": 0.5892025212386955,
      "w": 0.7412993039443155,
      "h": 0.1559331323650315
    }
  ],
  "azione": {
    "x": 0.23588553750966745,
    "y": 0.7804878048780488,
    "w": 0.5282289249806651,
    "h": 0.14387503425596054
  }
}